ZAIQKK39J49X077O,Cobbie,Yushin,19-05-1944,DIPENDENTE
YTQRUO22I97F894R,Stepha,Biglin,14-03-1930,DIPENDENTE
EKHMIJ40G73U858Y,Albie,Lorie,15-01-1993,DIPENDENTE
NYGOOF26R17N924Q,Bendicty,Hairsine,22-06-1947,MANAGER
VVESAP28C14G286T,Lauri,Brack,21-01-1964,DIPENDENTE
XFXWYW29D65Q644W,Arie,Werndley,10-07-1941,MANAGER
OJFLJZ75P61A611D,Chantalle,Ormes,15-10-1947,MANAGER
GRWJWK85M11X717I,Gilbertine,Tamplin,10-04-2016,MANAGER
KJJDER52T21Q601L,Rodrigo,Borrott,02-10-2009,MANAGER
FCKWFG55I38G489R,Stevena,Dunkerley,28-06-1974,MANAGER
CNXIMD36D92V600Z,Mort,Corder,21-02-1947,DIPENDENTE
TITBFU30X65T614O,Francine,Larrat,06-02-2004,DIPENDENTE
ASCUQV66I54F737N,Sancho,Valance,18-04-1947,MANAGER
JHZMTA30O89D491R,Peria,Dowdeswell,11-11-1992,MANAGER
DFYKFN48F16S897T,Aylmar,Ales,11-08-1930,MANAGER
YLUNUR27F29T276T,Jasmina,Haville,20-03-1941,MANAGER
ZSWHUD42L12J796B,Cornelia,Shird,09-03-1979,MANAGER
HTTGBI67D29V148X,Hermon,Handrahan,11-07-2016,MANAGER
UYPEOM67H54B956B,Sydelle,Swatheridge,25-02-1935,DIPENDENTE
DJHUBV51R42H115X,Jacinda,Arnholtz,08-10-2017,DIPENDENTE
BVANNW61T78K672L,Tiffany,Cersey,02-04-1976,MANAGER
VJKGHA86F70D830X,Garland,Fay,14-10-1941,MANAGER
ZARLFS95N04U307O,Carolina,Bebis,27-04-1993,DIPENDENTE
RYWSYA72U56Q543N,Westley,Darkin,22-09-1944,DIPENDENTE
HWAVUI84H55G145D,Calley,Menghi,29-09-1997,DIPENDENTE
OWPLXS81U04B291U,Fay,Grayne,06-10-1947,MANAGER
NJDIKI15Q08P048A,Jeth,Holt,28-12-1966,MANAGER
HZVXIY48M27D129F,Arlie,Proudlove,14-08-1959,DIPENDENTE
FRGULR74Y62P388E,Ingeborg,Ovell,31-10-1939,DIPENDENTE
FBPKBF77R37Y801R,Costa,Lote,01-12-1993,DIPENDENTE
CLKQZJ06U59S696S,Evonne,Lippingwell,02-11-2016,DIPENDENTE
UGZYVF99M46J130H,Hazel,Southwell,04-12-1979,DIPENDENTE
ETCLZN60S28U340M,Monique,Glavis,27-07-1953,MANAGER
RKBLHW53Y03J071P,Cassandra,Cowe,05-03-1962,MANAGER
OICTXJ34U20M824S,Sybil,Alessandretti,02-10-1951,DIPENDENTE
LNOAMS88X50S783W,Cort,Bautiste,27-12-1997,MANAGER
ZOIWSV78K15A247T,Bertrando,Fasset,15-12-1953,MANAGER
KXFKND96S53Q485Z,Elwyn,Waine,02-02-1976,DIPENDENTE
DQMJBK77M75D616W,Porty,Wishkar,12-01-1946,DIPENDENTE
CANWQY72D99M766W,Sharron,Nagle,20-04-2009,DIPENDENTE
