euiewh37i38n945s,Banky,Ginty,12-11-1949,DIPENDENTE
kzsnhe32w91y474y,Lek,Westney,15-08-1951,DIPENDENTE
zpaony93j45f218o,Hanan,Fereday,04-03-1988,DIPENDENTE
zhdtir80p14g775c,Gretchen,Loughan,09-11-1995,MANAGER
mbhdpl69r90g473h,Fay,Pottinger,10-05-1929,MANAGER
qbjedo84a04j358g,Dex,Nelson,25-03-1982,DIPENDENTE
dquyhl47d27y511c,Fredrika,Arnoll,14-02-1942,MANAGER
wkjbfp28f58a118u,Adora,Janny,28-05-1946,MANAGER
jufpqv81d88x671z,Silvano,Penhalewick,24-05-1971,DIPENDENTE
lpsaxq43f87t723m,Araldo,Raeside,19-08-1930,DIPENDENTE
flfrjx05w05t010e,Giffie,Clemmitt,15-06-1943,DIPENDENTE
vkstpe31z74j226l,Nicol,Swynfen,08-07-2003,MANAGER
xukibu30p41b576a,Ezechiel,Gaywood,03-08-1936,DIPENDENTE
vqgahf20m03b064n,Clarissa,Vedyasov,15-07-1958,MANAGER
qmouvg97l72s408o,Holden,Gaitung,10-10-1972,DIPENDENTE
pkkiwv93d46d264b,Adolph,Dunlap,12-07-2004,DIPENDENTE
wxztai89s97b339c,Amanda,Skiplorne,18-11-1961,MANAGER
wevoaf57h52o775w,Franklyn,Kunc,19-10-1982,DIPENDENTE
yzlrye39a73d500y,Hersch,Earengey,16-02-1983,DIPENDENTE
bcfedk12k52a503e,Berthe,Skain,10-03-1958,MANAGER
psfjba63z29g479g,Teena,Gutridge,11-05-1927,MANAGER
prbvyr39m87u979v,Vin,Hamberston,23-04-1963,MANAGER
kavhqk69w13i001f,Aguistin,Kaasmann,21-05-1946,DIPENDENTE
nnmepr09b72d899m,Lorrie,Simondson,08-03-1954,DIPENDENTE
dhgkft29w60j466x,Shayne,Murby,17-07-1985,MANAGER
typqjm71s02d299m,Rosana,Simonnin,21-07-1958,MANAGER
ybngge24r22k677p,Antonino,Ewan,18-10-1998,DIPENDENTE
zsmxbu45d26i061l,Dougy,Chismon,19-08-1992,DIPENDENTE
nxeyaj56t45e746d,Kip,Ryman,24-07-1904,MANAGER
qnrufi63q80z959q,Elisabet,Hebden,14-11-1985,MANAGER
mvsbcy80b17n617w,Staffard,Kaplan,02-01-2003,DIPENDENTE
gctgxz00m41w201i,Annadiana,Fontaine,26-06-1980,MANAGER
ovitdh66b84z948o,Charlton,Primo,13-04-1966,DIPENDENTE
